City_ID,City,Lat,Lng,Max Temp,Humidity,Cloudiness,Wind Speed,Country,Date
0,victorica,-36.2151,-65.4359,282.24,78,100,5.08,AR,1697684619
1,afaahiti,-17.75,-149.2833,298.08,82,87,6.87,PF,1697684619
2,peel,-33.3167,149.6333,297.33,38,0,1.41,AU,1697684619
3,vung tau,10.346,107.0843,301.76,76,97,1.56,VN,1697684620
4,port alfred,-33.5906,26.891,289.36,97,11,2.23,ZA,1697684620
5,kanungu,-0.9575,29.7897,289.17,94,100,1.04,UG,1697684621
6,guiuan,11.0333,125.7247,301.55,74,92,2.1,PH,1697684621
7,puerto natales,-51.7236,-72.4875,279.2,93,100,1.78,CL,1697684621
8,edinburgh of the seven seas,-37.0676,-12.3116,287.02,93,68,8.54,SH,1697684622
9,tsiombe,-25.3,45.4833,294.56,89,100,2.3,MG,1697684622
10,punta arenas,-53.15,-70.9167,285.21,58,0,8.23,CL,1697684550
11,pisco,-13.7,-76.2167,292.18,88,87,2.57,PE,1697684623
12,cidreira,-30.1811,-50.2056,290.03,75,95,4.68,BR,1697684582
13,halifax,44.6453,-63.5724,284.15,91,2,3.09,CA,1697684564
14,blackmans bay,-43.0167,147.3167,293.44,58,100,0.89,AU,1697684624
15,saldanha,-33.0117,17.9442,292.18,77,26,3.27,ZA,1697684625
16,isafjordur,66.0755,-23.124,280.2,77,100,3.78,IS,1697684625
17,port-aux-francais,-49.35,70.2167,274.4,77,92,10.52,TF,1697684626
18,waitangi,-43.9535,-176.5597,285.83,80,88,4.47,NZ,1697684627
19,gadzhiyevo,69.2551,33.3362,274.54,63,100,8.48,RU,1697684628
20,ponta delgada,37.7333,-25.6667,293.55,73,75,5.66,PT,1697684421
21,la passe,45.5549,-0.8967,292.03,72,98,8.41,FR,1697684629
22,mahina,-17.5065,-149.489,299.02,83,75,4.12,PF,1697684630
23,isabel segunda,18.1491,-65.4427,301.41,99,26,6.16,PR,1697684630
24,longyearbyen,78.2186,15.6401,277.06,70,75,15.43,SJ,1697684599
25,sitka,57.0531,-135.33,285.09,82,100,9.26,US,1697684631
26,adamstown,-25.066,-130.1015,295.68,80,31,0.21,PN,1697684632
27,tiksi,71.6872,128.8694,267.74,96,100,3.16,RU,1697684632
28,atafu village,-8.5421,-172.5159,301.93,73,26,3.54,TK,1697684632
29,samana,19.2056,-69.3369,298.64,90,51,2.38,DO,1697684419
30,ushuaia,-54.8,-68.3,285.96,50,0,4.12,AR,1697684405
31,susuman,62.7833,148.1667,259.81,76,100,0.45,RU,1697684634
32,burela de cabo,43.65,-7.4,290.37,75,93,8.04,ES,1697684634
33,sinabang,2.4803,96.3801,299.83,82,100,1.39,ID,1697684634
34,ilulissat,69.2167,-51.1,265.16,73,75,3.09,GL,1697684635
35,tselina,46.5338,41.0328,280.97,60,65,1.56,RU,1697684635
36,mount pearl,47.5166,-52.7813,279.79,90,100,4.12,CA,1697684635
37,lospalos,-8.5186,127.0025,302.64,45,53,5.33,TL,1697684636
38,kodiak,57.79,-152.4072,281.88,43,0,9.77,US,1697684636
39,mount isa,-20.7333,139.5,309.02,9,0,2.57,AU,1697684450
40,hazorasp,41.3194,61.0742,279.06,32,95,3.3,UZ,1697684637
41,grytviken,-54.2811,-36.5092,276.75,69,100,4.37,GS,1697684638
42,bulungu,-4.55,18.6,294.27,92,100,1.11,CD,1697684638
43,achit,56.7985,57.8994,275.68,84,96,6.17,RU,1697684638
44,mukalla,14.5425,49.1242,299.31,69,1,2.15,YE,1697684639
45,kerikeri,-35.2268,173.9474,290.06,85,100,3.97,NZ,1697684639
46,ribeira brava,32.65,-17.0667,296.0,73,99,5.72,PT,1697684640
47,utrik,11.2278,169.8474,301.48,70,90,8.05,MH,1697684641
48,bethel,41.3712,-73.414,287.35,83,100,2.06,US,1697684380
49,pangody,65.85,74.4859,276.12,90,100,5.43,RU,1697684643
50,fort st. john,56.2499,-120.8529,286.09,54,20,6.17,CA,1697684428
51,midvagur,62.0511,-7.1939,282.61,81,100,13.89,FO,1697684644
52,hawaiian paradise park,19.5933,-154.9731,299.88,77,0,2.06,US,1697684644
53,saynshand,44.8824,110.1163,278.98,29,0,6.95,MN,1697684645
54,malango,-2.9627,119.9001,302.63,51,78,2.27,ID,1697684645
55,yellowknife,62.456,-114.3525,280.6,100,100,4.12,CA,1697684646
56,stanley,54.868,-1.6985,283.55,93,100,9.05,GB,1697684646
57,la sarre,48.8002,-79.1996,280.48,81,100,4.21,CA,1697684553
58,hamilton,39.1834,-84.5333,286.99,80,0,3.09,US,1697684647
59,whitehorse,60.7161,-135.0538,281.58,85,75,6.17,CA,1697684516
60,papatowai,-46.5619,169.4708,290.06,51,85,6.84,NZ,1697684648
61,ancud,-41.8697,-73.8203,283.34,86,100,4.92,CL,1697684421
62,saint-joseph,-21.3667,55.6167,298.41,85,63,1.79,RE,1697684648
63,colonia,50.9333,6.95,287.92,90,100,4.63,DE,1697684417
64,westport,41.1415,-73.3579,288.1,83,100,4.12,US,1697684649
65,west island,-12.1568,96.8225,300.14,78,40,6.17,CC,1697684650
66,bredasdorp,-34.5322,20.0403,288.29,92,5,5.93,ZA,1697684621
67,klyuchi,52.2667,79.1667,282.76,42,21,3.38,RU,1697684650
68,albany,42.6001,-73.9662,283.83,91,100,1.11,US,1697684405
69,hobyo,5.3505,48.5268,300.64,77,85,3.32,SO,1697684651
70,nyurba,63.2842,118.3319,264.88,87,28,2.24,RU,1697684652
71,san patricio,28.017,-97.5169,298.06,67,0,4.12,US,1697684653
72,margaret river,-33.95,115.0667,290.42,53,82,4.38,AU,1697684629
73,rio claro,-22.4114,-47.5614,292.11,80,33,5.08,BR,1697684502
74,nemuro,43.3236,145.575,288.61,80,100,9.13,JP,1697684654
75,talnakh,69.4865,88.3972,278.82,100,100,5.59,RU,1697684654
76,bilibino,68.0546,166.4372,255.35,97,62,1.2,RU,1697684655
77,port elizabeth,-33.918,25.5701,289.31,96,75,1.03,ZA,1697684656
78,inhambane,-23.865,35.3833,293.68,95,31,3.54,MZ,1697684657
79,avarua,-21.2078,-159.775,297.18,64,75,2.57,CK,1697684532
80,ust-nera,64.5667,143.2,260.49,77,100,0.45,RU,1697684658
81,hadibu,12.65,54.0333,300.65,79,2,1.94,YE,1697684659
82,nadi,-17.8,177.4167,302.15,51,75,3.6,FJ,1697684659
83,udachny,66.4167,112.4,263.4,85,99,2.12,RU,1697684660
84,el granada,37.5027,-122.4694,298.91,62,0,4.63,US,1697684660
85,la'ie,21.6477,-157.9253,302.13,69,80,2.68,US,1697684661
86,troitsko-pechorsk,62.7084,56.1964,277.42,69,100,7.15,RU,1697684661
87,kedougou,12.5579,-12.1743,298.88,74,72,0.65,SN,1697684662
88,tarrafal de sao nicolau,16.5667,-24.3667,300.29,73,0,6.18,CV,1697684662
89,tosontsengel,48.7567,98.2839,275.94,59,0,0.35,MN,1697684663
90,kulhudhuffushi,6.6221,73.07,300.72,76,71,3.33,MV,1697684663
91,cascais,38.6979,-9.4215,293.99,97,89,10.73,PT,1697684664
92,hermanus,-34.4187,19.2345,289.23,85,57,8.2,ZA,1697684664
93,iqaluit,63.7506,-68.5145,272.0,100,100,3.6,CA,1697684664
94,tambacounda,13.7539,-13.7586,301.34,60,100,2.29,SN,1697684665
95,ostrovskoye,57.8057,42.2433,272.63,95,97,1.14,RU,1697684665
96,lompoc,34.6391,-120.4579,294.23,94,0,2.57,US,1697684666
97,watsa,3.0372,29.5355,290.51,98,100,1.06,CD,1697684666
98,chauk,20.8833,94.8167,301.87,61,28,1.71,MM,1697684667
99,ribeira grande,38.5167,-28.7,291.91,86,26,3.58,PT,1697684667
100,caleta de carquin,-11.0925,-77.6267,292.8,89,63,4.73,PE,1697684667
101,mata-utu,-13.2816,-176.1745,300.3,79,84,9.85,WF,1697684668
102,manokwari,-0.8667,134.0833,301.82,71,9,3.16,ID,1697684668
103,kristiansand,58.1467,7.9956,281.4,82,100,7.2,NO,1697684669
104,uturoa,-16.7333,-151.4333,299.44,79,84,4.73,PF,1697684669
105,tornio,65.8481,24.1466,269.16,80,23,5.94,FI,1697684670
106,carauari,-4.8828,-66.8958,296.53,94,100,1.21,BR,1697684670
107,kapa'a,22.0752,-159.319,302.14,68,0,5.14,US,1697684671
108,broome,42.2506,-75.833,282.89,85,100,2.06,US,1697684672
109,carolina beach,34.0352,-77.8936,290.94,56,0,1.54,US,1697684672
110,ambazac,45.9598,1.4006,288.33,92,100,3.67,FR,1697684673
111,st. john's,47.5649,-52.7093,280.25,90,100,4.12,CA,1697684602
112,bardai,11.65,7.2333,296.31,32,88,3.24,NG,1697684674
113,hays,30.0502,-98.0336,295.17,52,4,1.79,US,1697684674
114,baruun-urt,46.6806,113.2792,275.89,41,22,7.04,MN,1697684674
115,siwa oasis,29.2041,25.5195,295.33,42,1,2.93,EG,1697684675
116,lerwick,60.1545,-1.1494,283.15,80,16,14.29,GB,1697684676
117,puerto ayora,-0.7393,-90.3518,297.34,96,82,0.89,EC,1697684676
118,kokopo,-4.352,152.2633,300.54,79,34,1.25,PG,1697684677
119,nagqu,31.5,92.0,269.61,83,100,1.31,CN,1697684677
120,qaqortoq,60.7167,-46.0333,271.76,57,52,1.24,GL,1697684678
121,cockburn town,21.4612,-71.1419,302.25,74,28,6.2,TC,1697684678
122,kota,25.1833,75.8333,298.79,50,0,1.68,IN,1697684384
123,tut,37.7953,37.9161,286.67,63,99,1.62,TR,1697684679
124,port mathurin,-19.6833,63.4167,296.89,81,97,5.24,MU,1697684679
125,happy valley-goose bay,53.3168,-60.3315,273.32,86,20,2.06,CA,1697684680
126,cape canaveral,28.4058,-80.6048,293.73,86,0,3.75,US,1697684680
127,mil'kovo,55.6078,37.7956,277.82,97,100,2.92,RU,1697684681
128,mebane,36.096,-79.267,284.77,92,0,0.0,US,1697684400
129,lihue,21.9789,-159.3672,301.73,68,0,5.14,US,1697684681
130,salalah,17.0151,54.0924,298.2,78,20,1.54,OM,1697684682
131,keflavik,64.0049,-22.5624,283.39,81,100,19.55,IS,1697684682
132,arteche,12.2645,125.4048,303.44,63,90,2.74,PH,1697684683
133,iskateley,67.6803,53.1512,274.27,89,100,4.02,RU,1697684683
134,castillos,-34.1667,-53.8333,284.2,88,59,1.98,UY,1697684684
135,ryotsu-minato,38.0833,138.4333,294.95,65,100,7.0,JP,1697684684
136,faya-largeau,17.9257,19.1043,297.57,18,80,7.04,TD,1697684541
137,tolanaro,-25.0319,46.9987,297.19,94,75,3.09,MG,1697684686
138,page,36.9147,-111.4558,295.43,23,0,0.89,US,1697684529
139,invercargill,-46.4,168.35,288.16,74,98,8.49,NZ,1697684585
140,pul-e khumri,35.9446,68.7151,291.68,36,0,1.46,AF,1697684687
141,jardim,-21.4803,-56.1381,301.33,58,88,2.29,BR,1697684688
142,tarsus,36.9188,34.8784,291.08,81,6,3.3,TR,1697684688
143,cururupu,-1.8283,-44.8683,297.86,85,1,2.03,BR,1697684689
144,lebu,-37.6167,-73.65,282.67,89,22,1.04,CL,1697684689
145,bandarbeyla,9.4942,50.8122,300.01,78,10,1.17,SO,1697684689
146,cusseta,32.3054,-84.7727,286.96,94,0,2.24,US,1697684690
147,yuzhno-kurilsk,44.0306,145.8556,287.25,58,100,7.0,RU,1697684690
148,georgetown,5.4112,100.3354,302.12,80,20,2.24,MY,1697684559
149,kununurra,-15.7667,128.7333,310.14,12,0,5.14,AU,1697684691
150,knysna,-34.0363,23.0471,287.89,93,14,2.37,ZA,1697684692
151,cill airne,52.05,-9.5167,285.54,96,100,2.15,IE,1697684692
152,tateyama,34.9833,139.8667,296.4,63,98,8.76,JP,1697684692
153,lindi,-10.0,39.7167,296.01,95,95,0.81,TZ,1697684693
154,kingston,17.997,-76.7936,302.68,85,20,3.09,JM,1697684528
155,sanandaj,35.3144,46.9923,280.16,66,0,0.0,IR,1697684694
156,kuanda,56.3161,116.0806,274.71,45,92,5.34,RU,1697684694
157,rio grande,-32.035,-52.0986,288.12,72,5,6.51,BR,1697684543
158,sittwe,20.15,92.9,300.32,73,44,1.84,MM,1697684695
159,pacific grove,36.6177,-121.9166,294.83,78,0,1.54,US,1697684696
160,dolbeau-mistassini,48.8763,-72.212,284.51,79,52,2.64,CA,1697684696
161,lincoln city,44.9582,-124.0179,287.98,87,20,3.89,US,1697684416
162,salym,60.0625,71.4789,277.39,78,14,3.89,RU,1697684697
163,aasiaat,68.7098,-52.8699,259.78,84,93,2.19,GL,1697684697
164,college,64.8569,-147.8028,271.12,78,75,2.06,US,1697684698
165,bayanaul,50.7889,75.6956,280.95,57,27,3.93,KZ,1697684698
166,san julian,21.0167,-102.1667,288.86,31,100,2.08,MX,1697684698
167,sao jose de piranhas,-7.1206,-38.5019,297.32,42,13,3.58,BR,1697684699
168,laguna,38.421,-121.4238,298.32,57,0,0.0,US,1697684700
169,dudinka,69.4058,86.1778,279.05,99,100,7.6,RU,1697684700
170,eraan,9.0629,117.7016,304.52,62,23,1.49,PH,1697684701
171,takanosu,40.2219,140.3694,291.51,94,75,1.03,JP,1697684702
172,thunder bay,48.4001,-89.3168,284.14,93,100,3.09,CA,1697684415
173,rasht,37.2808,49.5832,289.05,100,75,0.0,IR,1697684703
174,tazovsky,67.4667,78.7,277.35,96,100,5.05,RU,1697684704
175,brookings,44.3114,-96.7984,284.92,85,100,1.79,US,1697684704
176,qingquan,30.4511,115.2559,299.09,50,10,1.89,CN,1697684704
177,wynyard,-41.0,145.7167,289.98,58,98,3.98,AU,1697684705
178,cannonvale,-20.2833,148.7,297.81,58,63,7.5,AU,1697684705
179,chikwawa,-16.0335,34.8009,295.6,89,29,0.86,MW,1697684706
180,enewetak,11.3474,162.3373,301.82,77,90,8.77,MH,1697684706
181,anadyr,64.75,177.4833,267.43,67,0,6.0,RU,1697684707
182,dalhart,36.0595,-102.5133,285.16,54,0,1.54,US,1697684551
183,sabang,5.8933,95.3214,300.63,74,100,0.28,ID,1697684708
184,nabire,-3.3667,135.4833,303.85,63,64,2.46,ID,1697684708
185,luderitz,-26.6481,15.1594,286.99,92,28,3.86,NA,1697684708
186,praia da vitoria,38.7333,-27.0667,292.46,77,40,10.63,PT,1697684709
187,changyon,38.2508,125.0961,292.29,48,83,4.54,KP,1697684710
188,nogliki,51.8333,143.1667,278.9,83,100,1.79,RU,1697684710
189,illizi,26.4833,8.4667,297.04,18,4,2.26,DZ,1697684547
190,simanggang,1.2472,111.4528,299.14,88,40,1.03,MY,1697684711
191,sola,-13.8833,167.55,299.08,79,94,3.67,VU,1697684711
192,fortuna,40.5982,-124.1573,287.55,97,100,0.0,US,1697684558
193,san pedro pochutla,15.7333,-96.4667,296.47,87,100,1.65,MX,1697684712
194,vila velha,-20.3297,-40.2925,297.12,78,75,5.66,BR,1697684713
195,mansa,29.9833,75.3833,295.9,39,0,1.9,IN,1697684713
196,inirida,3.8653,-67.9239,298.31,85,62,1.3,CO,1697684714
197,christchurch,-43.5333,172.6333,294.0,63,36,5.66,NZ,1697684187
198,bengkulu,-3.8004,102.2655,300.78,69,65,2.05,ID,1697684716
199,kapuskasing,49.4169,-82.4331,282.15,81,100,2.57,CA,1697684716
200,sandakan,5.8402,118.1179,303.97,74,40,1.54,MY,1697684717
201,jamestown,42.097,-79.2353,282.44,77,0,2.06,US,1697684496
202,himatnagar,23.6,72.95,299.66,46,0,2.24,IN,1697684717
203,fale old settlement,-9.3852,-171.2468,301.77,71,14,3.26,TK,1697684718
204,solwezi,-12.1688,26.3894,290.51,87,90,0.98,ZM,1697684456
205,newman,37.3138,-121.0208,298.31,65,0,2.06,US,1697684719
206,lower hutt,-41.2167,174.9167,290.1,78,12,7.72,NZ,1697684619
207,chakia,26.4167,85.05,298.03,56,0,1.45,IN,1697684719
208,tuy hoa,13.0833,109.3,302.74,71,90,0.57,VN,1697684720
209,abepura,-2.6333,140.5833,307.6,43,20,4.12,ID,1697684720
210,codrington,-38.2667,141.9667,298.88,29,77,2.37,AU,1697684721
211,dalbandin,28.8947,64.4101,297.14,41,1,1.86,PK,1697684721
212,kruisfontein,-34.0033,24.7314,286.83,94,20,1.39,ZA,1697684721
213,blackfoot,43.1905,-112.345,286.68,53,2,1.9,US,1697684722
214,hotan,37.0997,79.9269,285.72,18,42,1.87,CN,1697684722
215,nizhneangarsk,55.7833,109.55,273.15,69,51,4.02,RU,1697684723
216,shimanovsk,52.0,127.7,276.8,46,98,7.12,RU,1697684723
217,aswan,24.0934,32.907,293.76,40,0,2.06,EG,1697684724
218,lodeynoye pole,60.726,33.5531,272.72,83,50,1.76,RU,1697684724
219,krasnyy chikoy,50.3643,108.7512,273.84,84,93,4.02,RU,1697684725
220,petropavlovsk-kamchatsky,53.0452,158.6483,286.48,88,0,5.0,RU,1697684725
221,saint croix,17.7397,-64.7388,300.4,82,40,1.54,VI,1697684726
222,antofagasta,-23.65,-70.4,289.75,69,78,3.25,CL,1697684726
223,hammerfest,70.6634,23.6821,273.4,86,100,3.09,NO,1697684726
224,nova olimpia,-14.7972,-57.2881,301.62,38,18,0.39,BR,1697684727
225,cabo san lucas,22.8909,-109.9124,302.46,83,40,3.09,MX,1697684727
226,constitucion,-35.3333,-72.4167,282.87,82,0,2.7,CL,1697684728
227,tagiura,32.8817,13.3506,300.22,34,14,5.11,LY,1697684729
228,nova sintra,14.8667,-24.7167,297.95,71,78,3.07,CV,1697684729
229,pandan,14.0453,124.1694,302.82,71,98,2.83,PH,1697684730
230,dauphin,51.1494,-100.0502,280.23,100,100,1.03,CA,1697684564
231,puerto baquerizo moreno,-0.9,-89.6,296.84,87,100,4.29,EC,1697684731
232,urangan,-25.3,152.9,295.29,54,14,8.01,AU,1697684732
233,xining,36.6167,101.7667,278.41,40,11,0.9,CN,1697684732
234,port douglas,-16.4833,145.4667,298.9,64,46,6.04,AU,1697684733
235,sao luiz gonzaga,-28.4083,-54.9608,288.17,94,79,6.02,BR,1697684733
236,ciudad de allende,25.2833,-100.0167,292.35,73,81,1.73,MX,1697684733
237,pocoes,-14.5297,-40.3653,289.18,90,91,1.62,BR,1697684734
238,vilyuchinsk,52.9306,158.4028,287.3,63,22,5.7,RU,1697684734
239,caraballeda,10.6112,-66.8522,303.19,62,75,3.09,VE,1697684735
240,awjilah,29.1081,21.2869,294.49,34,0,2.46,LY,1697684735
241,wailua homesteads,22.0669,-159.378,301.39,69,0,5.14,US,1697684736
242,wanning,18.8003,110.3967,300.16,88,76,7.15,CN,1697684736
243,yambio,4.5721,28.3955,292.75,98,100,0.94,SS,1697684737
244,naracoorte,-36.9579,140.7383,301.69,18,62,3.28,AU,1697684737
245,puerto penasco,31.3167,-113.5333,302.87,50,0,4.49,MX,1697684737
246,ciudad lazaro cardenas,17.9583,-102.2,296.49,94,100,2.99,MX,1697684738
247,constantia,44.1833,28.65,280.76,80,53,4.64,RO,1697684646
248,taulaga,-11.0553,-171.0883,300.85,79,35,6.12,AS,1697684738
249,kolonia town,6.964,158.206,306.15,62,75,2.57,FM,1697684739
250,erenhot,43.6475,111.9767,278.53,33,0,6.07,CN,1697684739
251,polazna,58.2946,56.4055,276.81,75,100,6.16,RU,1697684740
252,berriozabal,16.8,-93.2667,292.33,99,95,1.55,MX,1697684740
253,newport,51.5877,-2.9984,288.4,92,67,3.11,GB,1697684741
254,saint-philippe,-21.3585,55.7679,297.92,86,63,2.9,RE,1697684741
255,namibe,-15.1961,12.1522,289.55,88,37,3.01,AO,1697684742
256,la ronge,55.1001,-105.2842,283.29,81,100,4.63,CA,1697684742
257,el charco,2.4769,-78.1105,297.96,95,87,1.29,CO,1697684743
258,kavaratti,10.5669,72.642,301.22,72,100,1.74,IN,1697684744
259,lazaro cardenas,17.9583,-102.2,296.49,94,100,2.99,MX,1697684745
260,san borja,-14.8167,-66.85,300.94,54,57,1.54,BO,1697684745
261,turkmenbasy,40.0222,52.9552,288.58,58,0,4.12,TM,1697684745
262,vadso,70.0744,29.7487,273.64,80,40,6.69,NO,1697684746
263,new norfolk,-42.7826,147.0587,294.1,23,100,1.79,AU,1697684746
264,kailua-kona,19.6406,-155.9956,301.76,81,0,4.12,US,1697684747
265,novosergiyevka,52.0934,53.6528,275.24,64,60,4.5,RU,1697684747
266,kone,-21.0595,164.8658,298.17,49,58,4.08,NC,1697684748
267,zouerate,22.7187,-12.4521,300.96,26,0,3.16,MR,1697684748
268,ouesso,1.6136,16.0517,294.19,99,100,0.64,CG,1697684748
269,point fortin,10.1833,-61.6833,299.76,81,81,5.95,TT,1697684749
270,kilindoni,-7.9139,39.6668,298.93,79,54,3.04,TZ,1697684749
271,darlowo,54.421,16.4107,280.86,82,100,6.4,PL,1697684750
272,ivatsevichy,52.709,25.3401,277.18,93,100,1.26,BY,1697684750
273,tazacorte,28.629,-17.9293,294.69,80,0,3.13,ES,1697684750
274,katsuura,35.1333,140.3,296.59,60,82,8.57,JP,1697684557
275,grand falls-windsor,48.9332,-55.6649,275.1,91,9,2.61,CA,1697684751
276,arar,30.9753,41.0381,289.16,41,0,2.57,SA,1697684752
277,saipan,15.1355,145.701,304.54,74,40,6.69,MP,1697684752
278,vorgashor,67.5833,63.95,273.44,79,100,6.3,RU,1697684753
279,san giovanni in fiore,39.2633,16.6996,287.07,61,74,1.68,IT,1697684753
280,zhangye,38.9342,100.4517,284.98,21,0,3.24,CN,1697684753
281,elliot lake,46.3834,-82.6331,281.3,97,98,2.05,CA,1697684754
282,nova vicosa,-17.8919,-39.3719,296.68,80,4,2.68,BR,1697684528
283,buka,40.8108,69.1986,290.96,47,77,0.54,UZ,1697684755
284,porto velho,-8.7619,-63.9039,301.18,69,20,2.57,BR,1697684691
285,primorsk,46.7348,36.3443,279.69,66,0,1.23,UA,1697684755
286,licheng,23.2955,113.8284,296.42,95,100,1.15,CN,1697684756
287,sechura,-5.5569,-80.8222,294.14,78,53,6.64,PE,1697684756
288,nuuk,64.1835,-51.7216,269.49,54,20,8.75,GL,1697684757
289,jutai,-5.1833,-68.9,296.07,98,36,1.69,BR,1697684757
290,guerrero negro,27.9769,-114.0611,294.1,78,7,5.52,MX,1697684472
291,bouarfa,32.53,-1.95,290.92,34,67,1.75,MA,1697684760
292,olinda,-8.0089,-34.8553,300.0,69,40,4.63,BR,1697684529
293,nytva,57.9404,55.334,277.43,74,95,6.36,RU,1697684760
294,la foa,-21.7108,165.8276,296.58,52,6,4.19,NC,1697684761
295,el bolson,-41.9667,-71.5167,282.39,94,0,2.81,AR,1697684761
296,badger,64.8,-147.5333,271.08,78,100,2.06,US,1697684762
297,saint-pierre,-21.3393,55.4781,299.58,73,100,0.0,RE,1697684762
298,turaif,31.6725,38.6637,288.29,67,0,6.17,SA,1697684762
299,sisimiut,66.9395,-53.6735,268.14,79,99,6.02,GL,1697684763
300,mariental,-24.6333,17.9667,293.12,23,0,4.82,NA,1697684763
301,carnarvon,-24.8667,113.6333,301.1,45,100,7.22,AU,1697684764
302,port antonio,18.18,-76.4612,302.1,84,100,1.98,JM,1697684764
303,coquimbo,-29.9533,-71.3436,287.0,76,0,2.57,CL,1697684766
304,creel,27.75,-107.6333,288.3,43,79,2.97,MX,1697684766
305,revda,56.801,59.9303,274.42,92,97,5.71,RU,1697684766
306,pangai,-19.8,-174.35,296.71,67,7,7.61,TO,1697684767
307,grenade,37.25,-3.25,286.74,86,43,4.23,ES,1697684592
308,daru,-9.0763,143.2092,300.7,76,100,5.75,PG,1697684768
309,wulingyuan,29.3494,110.5441,295.21,62,65,3.03,CN,1697684768
310,menongue,-14.6585,17.691,289.84,30,44,1.68,AO,1697684769
311,plettenberg bay,-34.0527,23.3716,288.08,91,19,2.12,ZA,1697684769
312,tamanrasset,22.785,5.5228,290.1,25,0,1.03,DZ,1697684770
313,ust'-ilimsk,58.0006,102.6619,274.51,92,30,3.58,RU,1697684770
314,haiku-pauwela,20.9219,-156.3051,299.35,69,40,8.23,US,1697684771
315,bucerias,20.75,-105.3333,300.92,79,100,1.39,MX,1697684548
316,i-n-salah,27.1935,2.4607,298.85,18,5,2.16,DZ,1697684772
317,vredendal,-31.6683,18.5012,294.41,53,0,4.52,ZA,1697684772
318,nehe,48.4833,124.8333,280.73,29,5,6.02,CN,1697684774
319,escuinapa,22.85,-105.8,299.9,87,100,0.1,MX,1697684774
320,tura,25.5198,90.2201,298.4,70,0,0.34,IN,1697684775
321,port shepstone,-30.7414,30.455,291.41,81,68,4.33,ZA,1697684775
322,okhotsk,59.3833,143.3,272.11,94,100,2.77,RU,1697684776
323,rumbek,6.802,29.6912,295.25,87,97,0.27,SS,1697684535
324,kazimierza wielka,50.2656,20.4936,277.74,77,100,1.76,PL,1697684777
325,lupane,-18.9315,27.807,291.23,64,1,3.87,ZW,1697684777
326,dyatlovo,53.4631,25.4068,276.9,84,100,1.5,BY,1697684777
327,ladario,-19.0047,-57.6017,304.37,36,96,0.71,BR,1697684778
328,thompson,55.7435,-97.8558,271.24,93,0,0.0,CA,1697684778
329,nueva guinea,11.6876,-84.4562,296.53,96,100,2.2,NI,1697684779
330,majene,-3.5403,118.9707,302.62,69,94,2.54,ID,1697684779
331,hengchun,22.0042,120.7439,300.24,73,40,8.51,TW,1697684780
332,letterkenny,54.95,-7.7333,283.89,94,100,6.06,IE,1697684780
333,aykhal,66.0,111.5,265.97,89,100,2.68,RU,1697684781
334,punta del este,-34.9667,-54.95,286.41,88,0,3.13,UY,1697684781
335,vaasa,63.096,21.6158,274.23,97,75,2.68,FI,1697684781
336,ifrane,33.3333,-5.25,285.1,75,100,4.66,MA,1697684782
337,sampit,-2.5333,112.95,302.12,75,100,0.43,ID,1697684783
338,santa terezinha,-29.9002,-50.0904,289.7,78,84,3.31,BR,1697684783
339,namtsy,62.7161,129.6658,269.28,74,100,5.39,RU,1697684784
340,duba,27.3513,35.6901,298.54,47,44,1.96,SA,1697684784
341,sanibel,26.449,-82.0223,295.37,77,0,0.89,US,1697684784
342,songea,-10.6833,35.65,289.68,82,53,1.29,TZ,1697684785
343,obo,5.3998,26.4869,293.4,95,87,0.72,CF,1697684785
344,senj,44.9894,14.9058,291.01,88,96,3.93,HR,1697684786
345,magumeri,12.1131,12.8274,299.28,29,90,3.75,NG,1697684786
346,amos,48.5669,-78.1162,281.2,75,100,3.02,CA,1697684788
347,vodnyy,63.5046,53.4095,277.27,97,100,4.48,RU,1697684789
348,misliyah,17.4599,42.5572,301.06,75,20,0.32,SA,1697684789
349,tadjourah,12.0,42.5,297.34,73,5,3.4,DJ,1697684789
350,pariaman,-0.619,100.12,300.18,73,92,1.66,ID,1697684790
351,juan griego,11.0817,-63.9655,300.37,86,36,4.38,VE,1697684790
352,ta`u,-14.2336,-169.5144,299.16,83,100,9.67,AS,1697684790
353,coxen hole,16.3244,-86.5366,300.17,79,100,7.27,HN,1697684791
354,crucecita,-28.95,-58.9833,288.63,94,98,4.4,AR,1697684791
355,rahachow,53.0934,30.0495,277.88,75,99,5.38,BY,1697684792
356,vryburg,-26.9566,24.7284,288.32,41,0,2.57,ZA,1697684792
357,olonkinbyen,70.9221,-8.7187,276.88,89,100,10.53,SJ,1697684793
358,mek'ele,13.4967,39.4753,287.89,84,83,3.52,ET,1697684793
359,dubai,25.2582,55.3047,301.11,83,2,2.06,AE,1697684793
360,tocantins,-10.5,-48.0,297.31,28,7,1.16,BR,1697684794
361,fristad,65.2,16.7167,261.68,97,33,1.56,SE,1697684794
362,tari,12.4086,4.4914,299.6,38,100,3.6,NG,1697684794
363,silver city,32.7701,-108.2803,293.13,28,0,1.79,US,1697684795
364,aljezur,37.3191,-8.8033,294.14,89,100,7.84,PT,1697684795
365,patrocinio,-18.9439,-46.9925,296.48,59,30,2.08,BR,1697684703
366,hami,42.8,93.45,285.67,30,0,0.35,CN,1697684796
367,johi,26.6921,67.6133,300.12,48,0,2.86,PK,1697684796
368,spassk,52.747,87.7545,281.44,85,0,1.28,RU,1697684797
369,gunnison,38.7,-107.0673,280.88,48,60,2.13,US,1697684704
370,remire-montjoly,4.9167,-52.2667,297.17,100,0,1.03,GF,1697684798
371,okha,53.5739,142.9478,280.47,94,100,5.6,RU,1697684798
372,lorengau,-2.0226,147.2712,301.87,74,12,0.32,PG,1697684799
373,lubango,-14.9172,13.4925,286.07,100,19,0.0,AO,1697684799
374,taroa,8.7058,171.2275,299.44,78,100,1.63,MH,1697684800
375,rincon,32.296,-81.2354,291.96,87,0,1.54,US,1697684800
376,puerto san jose,13.9256,-90.8244,299.31,86,59,2.74,GT,1697684801
377,tralee,52.2704,-9.7026,285.32,95,100,2.86,IE,1697684801
378,sandnessjoen,66.0217,12.6316,266.44,62,2,5.5,NO,1697684802
379,polyarnyy,69.1989,33.4478,274.66,63,100,8.45,RU,1697684803
380,khamis mushait,18.3064,42.7292,288.49,33,0,2.06,SA,1697684803
381,lata,40.1629,-8.3327,291.99,89,99,4.34,PT,1697684804
382,nang rong,14.6377,102.7914,302.29,68,92,0.9,TH,1697684804
383,alice springs,-23.7,133.8833,304.9,8,0,5.66,AU,1697684805
384,flying fish cove,-10.4217,105.6791,300.97,74,75,7.2,CX,1697684805
385,beledweyne,4.7358,45.2036,298.7,82,74,4.45,SO,1697684805
386,rongelap,11.1635,166.8941,301.19,76,84,7.47,MH,1697684806
387,geraldton,-28.7667,114.6,297.38,57,100,5.66,AU,1697684806
388,egilsstadir,65.2653,-14.3948,281.1,71,100,2.57,IS,1697684601
389,hasaki,35.7333,140.8333,299.42,60,90,8.41,JP,1697684807
390,gobernador virasora,-28.05,-56.0333,290.19,95,99,3.58,AR,1697684719
391,gubkinskiy,64.434,76.5026,279.33,87,100,5.29,RU,1697684808
392,malanje,-9.5402,16.341,291.26,95,100,1.53,AO,1697684808
393,beichengqu,40.4394,113.1536,282.27,20,43,7.42,CN,1697684809
394,mar del plata,-38.0023,-57.5575,284.79,70,0,2.06,AR,1697684790
395,dunedin,-45.8742,170.5036,288.77,58,89,2.01,NZ,1697684809
396,standerton,-26.9337,29.2415,284.6,79,0,1.93,ZA,1697684810
397,yeed,4.55,43.0333,298.14,80,100,5.27,SO,1697684810
398,hovd,48.0056,91.6419,279.58,33,0,0.75,MN,1697684811
399,junction city,39.0286,-96.8314,288.46,67,0,1.54,US,1697684808
400,solola,14.7667,-91.1833,289.65,97,76,2.38,GT,1697684811
401,sodankyla,67.4167,26.6,265.57,96,18,2.48,FI,1697684812
402,ola,59.5833,151.2833,274.9,32,14,1.62,RU,1697684812
403,laayoune,27.1622,-13.2032,293.62,90,53,3.63,EH,1697684813
404,vilyuysk,63.7553,121.6247,265.37,87,73,4.02,RU,1697684813
405,porbandar,21.6422,69.6093,300.7,67,0,2.96,IN,1697684814
406,santo amaro da imperatriz,-27.6881,-48.7786,291.93,99,100,0.18,BR,1697684814
407,topchikha,52.8192,83.1185,281.68,52,0,5.34,RU,1697684815
408,chibougamau,49.9168,-74.3659,279.94,76,100,3.6,CA,1697684543
409,al jawf,29.5,38.75,290.08,73,0,3.47,SA,1697684540
410,chu,43.5983,73.7614,288.13,30,61,1.09,KZ,1697684817
411,dongobesh,-4.0667,35.3833,288.06,92,97,3.15,TZ,1697684818
412,la paz,-16.5,-68.15,282.91,75,33,0.89,BO,1697684818
413,saint joseph,39.7686,-94.8466,289.04,66,100,4.12,US,1697684624
414,oodweyne,9.4092,45.064,296.43,67,72,3.17,SO,1697684819
415,tabou,4.423,-7.3528,297.98,91,89,2.04,CI,1697684819
416,xianning,29.8833,114.2167,298.02,56,15,3.12,CN,1697684819
417,desaguadero,-16.5656,-69.0417,281.96,73,45,2.9,PE,1697684820
418,jayapura,-2.5333,140.7,307.81,70,41,2.25,ID,1697684820
419,yevpatoriya,45.1972,33.3558,282.23,61,0,1.71,UA,1697684821
420,aripuana,-9.1667,-60.6333,299.62,53,16,0.14,BR,1697684720
421,jesi,43.5288,13.2402,289.54,94,40,0.89,IT,1697684821
422,balaipungut,1.05,101.2833,300.17,75,100,0.74,ID,1697684822
423,magaria,12.9983,8.9099,299.99,18,99,3.26,NE,1697684822
424,taoudenni,22.6783,-3.9836,303.28,14,42,2.56,ML,1697684823
425,callao,-12.0667,-77.15,294.1,82,100,5.14,PE,1697684543
426,aoulef,26.9667,1.0833,299.92,19,0,1.98,DZ,1697684824
427,khorixas,-20.3667,14.9667,289.39,47,0,0.43,NA,1697684824
428,morant bay,17.8815,-76.4093,301.94,83,99,3.03,JM,1697684824
429,sinjar,36.3209,41.8754,293.21,42,100,1.55,IQ,1697684825
430,ugoofaaru,5.6667,73.0,300.2,80,79,4.64,MV,1697684826
431,huntsville,34.7304,-86.5861,288.81,75,0,4.47,US,1697684700
432,caicedonia,4.3324,-75.8267,292.83,91,100,1.61,CO,1697684826
433,orangeville,43.9168,-80.0997,282.47,94,84,3.08,CA,1697684661
434,mossendjo,-2.9506,12.7261,294.12,99,100,1.82,CG,1697684827
435,ulety,51.3572,112.4849,275.97,52,31,4.46,RU,1697684827
436,brades,16.7918,-62.2106,302.02,75,3,7.27,MS,1697684828
437,machico,32.7,-16.7667,296.49,79,20,2.57,PT,1697684830
438,port augusta,-32.5,137.7667,305.06,10,4,3.14,AU,1697684553
439,palu,-0.8917,119.8707,305.24,61,97,1.41,ID,1697684832
440,quellon,-43.1167,-73.6167,281.48,92,84,2.45,CL,1697684561
441,nadym,65.5333,72.5167,274.93,88,36,5.76,RU,1697684833
442,iwanai,42.9744,140.5089,289.06,91,100,6.16,JP,1697684833
443,kotlas,61.2611,46.6556,276.51,97,100,4.92,RU,1697684834
444,al kharijah,25.4514,30.5464,293.58,49,57,3.48,EG,1697684835
445,prado,-17.3411,-39.2208,296.65,79,7,3.3,BR,1697684835
446,leninskoye,41.7589,69.3864,289.45,44,78,2.18,KZ,1697684835
447,missoula,47.0166,-113.8009,281.79,76,16,2.0,US,1697684836
448,beira,-19.8436,34.8389,295.2,86,0,1.67,MZ,1697684836
449,fuyang,32.9,115.8167,294.01,65,98,4.46,CN,1697684837
450,flin flon,54.7682,-101.865,279.44,67,100,2.02,CA,1697684558
451,quelimane,-17.8786,36.8883,294.76,93,93,0.68,MZ,1697684837
452,okotoks,50.7289,-113.9828,289.22,61,57,0.89,CA,1697684752
453,nogent-sur-seine,48.4167,3.75,288.32,92,100,4.29,FR,1697684838
454,rabo de peixe,37.8,-25.5833,292.88,99,75,5.66,PT,1697684838
455,san antonio de pale,-1.4014,5.6325,299.02,86,100,5.02,GQ,1697684839
456,koani,-6.1333,39.2833,298.68,72,100,1.69,TZ,1697684839
457,az zubayr,30.3945,47.7011,300.07,32,40,8.23,IQ,1697684840
458,hithadhoo,-0.6,73.0833,300.16,78,64,3.9,MV,1697684840
459,grootfontein,-19.5667,18.1167,292.42,19,6,2.26,NA,1697684840
460,wyndham,37.6985,-77.6125,284.11,83,0,0.89,US,1697684841
461,meadow lake,34.8014,-106.5436,295.19,23,0,1.59,US,1697684841
462,san sebastian de la gomera,28.0916,-17.1133,296.35,73,0,0.51,ES,1697684842
463,tortoli,39.9256,9.6572,295.36,58,9,3.51,IT,1697684842
464,qujing,25.4833,103.7833,292.48,68,47,2.47,CN,1697684843
465,mahenge,-8.6833,36.7167,290.32,87,87,1.86,TZ,1697684843
466,biloela,-24.4167,150.5,303.26,22,2,3.98,AU,1697684844
467,kihancha,-1.1838,34.6262,290.66,84,88,4.37,KE,1697684844
468,kristiansund,63.1115,7.732,276.51,60,0,4.63,NO,1697684846
469,khyzy,40.9058,49.0813,284.0,84,99,1.45,AZ,1697684847
470,ghadamis,30.1337,9.5007,297.01,18,76,2.29,LY,1697684847
471,ciudad mante,22.7333,-98.9667,294.83,71,100,2.91,MX,1697684686
472,minas de marcona,-15.2119,-75.1103,290.09,78,65,2.58,PE,1697684848
473,chos malal,-37.3781,-70.2709,286.89,48,96,2.22,AR,1697684848
474,natal,-5.795,-35.2094,298.51,78,75,2.57,BR,1697684849
475,morehead city,34.7229,-76.726,292.15,88,0,0.0,US,1697684849
476,naze,28.3667,129.4833,296.03,51,0,1.38,JP,1697684850
477,ilam,26.9167,87.9167,293.13,69,0,1.03,NP,1697684850
478,verkhnevilyuysk,63.4453,120.3167,267.01,81,34,3.58,RU,1697684851
479,esquipulas,14.5667,-89.35,290.58,96,89,2.37,GT,1697684851
480,bua yai,15.5855,102.4259,304.18,78,98,0.78,TH,1697684852
481,kosh-agach,50.0,88.6667,275.54,67,0,0.89,RU,1697684852
482,balabac,7.9868,117.0645,302.78,68,19,4.12,PH,1697684853
483,flen,59.0583,16.5878,274.2,85,79,2.92,SE,1697684853
484,novomykolayivka,47.9781,35.9102,279.27,67,63,4.94,UA,1697684854
485,glace bay,46.1969,-59.957,281.47,90,2,1.34,CA,1697684854
486,hilo,19.7297,-155.09,301.64,76,0,2.06,US,1697684849
487,calvinia,-31.4707,19.776,289.88,59,0,4.37,ZA,1697684855
488,sinop,41.7711,34.8709,282.64,95,100,1.03,TR,1697684856
489,kenai,60.5544,-151.2583,280.2,76,0,2.57,US,1697684856
490,debre tabor,11.85,38.0167,283.74,79,27,2.12,ET,1697684856
491,corner brook,48.9667,-57.9484,278.42,95,25,2.11,CA,1697684857
492,telemaco borba,-24.3239,-50.6156,289.59,99,80,1.76,BR,1697684857
493,nieuw amsterdam,5.8833,-55.0833,298.16,88,100,3.44,SR,1697684858
494,macapa,0.0389,-51.0664,301.14,89,75,2.06,BR,1697684797
495,arraial do cabo,-22.9661,-42.0278,295.07,83,75,2.57,BR,1697684565
496,liberal,37.0431,-100.921,283.73,61,0,3.09,US,1697684572
497,puri,19.8,85.85,301.44,73,18,3.9,IN,1697684861
498,alesund,62.4723,6.1549,278.23,68,0,6.17,NO,1697684861
499,kanke,23.4333,85.3167,297.16,64,0,2.57,IN,1697684779
500,kimberley,-28.7323,24.7623,291.45,32,0,3.71,ZA,1697684862
501,medicine hat,50.0501,-110.6683,290.84,52,82,1.79,CA,1697684863
502,antsiranana,-12.2787,49.2917,297.62,86,61,5.43,MG,1697684840
503,mugia,43.1041,-9.2179,291.02,85,99,11.39,ES,1697684864
504,boshkengash,38.4661,68.8053,286.34,71,75,0.0,TJ,1697684865
505,luanda,-8.8368,13.2343,298.15,83,75,3.09,AO,1697684583
506,shanwei,22.782,115.3475,298.91,79,100,4.48,CN,1697684865
507,bikin,46.8161,134.26,282.14,66,100,4.19,RU,1697684866
508,beloyarskiy,63.7119,66.6722,275.37,77,20,4.47,RU,1697684867
509,merowe,18.4833,31.8167,297.71,19,12,4.16,SD,1697684867
510,usogorsk,63.4106,48.6872,276.3,87,100,5.31,RU,1697684868
511,lae,-6.7221,146.9847,303.43,63,49,3.58,PG,1697684868
512,el calafate,-50.3408,-72.2768,281.0,80,9,1.49,AR,1697684869
513,le port,-20.9373,55.2919,299.76,91,79,3.32,RE,1697684869
514,coyutla,20.25,-97.65,294.56,90,100,0.9,MX,1697684869
515,jinghong,21.991,100.7341,302.42,55,7,0.6,CN,1697684870
516,tallulah,32.4085,-91.1868,286.18,76,0,0.0,US,1697684870
517,edd,13.9297,41.6925,302.84,55,3,5.92,ER,1697684871
518,chakulia,22.4833,86.7167,299.71,70,2,2.09,IN,1697684871
519,danielskuil,-28.1887,23.5395,290.04,35,0,3.76,ZA,1697684871
520,bismarck,46.8083,-100.7837,283.04,88,0,3.09,US,1697684801
521,deqen,29.9618,90.7188,278.44,51,10,2.68,CN,1697684872
522,santa ana de yacuma,-13.75,-65.4333,302.89,45,12,1.79,BO,1697684873
523,chiang rai,19.9167,99.9167,303.44,84,13,0.19,TH,1697684874
524,la palma,33.8464,-118.0467,300.88,90,20,2.57,US,1697684580
525,port alberni,49.2413,-124.8028,286.44,93,100,0.57,CA,1697684875
526,howard springs,-12.497,131.047,309.1,22,4,1.21,AU,1697684876
527,tara,56.8944,74.371,282.03,74,100,3.58,RU,1697684876
528,tsaratanana,-16.7833,47.65,297.5,79,44,0.76,MG,1697684840
529,concordia,-31.393,-58.0209,288.79,66,96,4.51,AR,1697684877
530,kolwezi,-10.7148,25.4667,290.34,86,95,1.4,CD,1697684878
531,ikaalinen,61.7695,23.0658,273.67,90,18,3.17,FI,1697684878
532,cabrobo,-8.5142,-39.31,296.82,63,55,7.62,BR,1697684879
533,junin de los andes,-39.9504,-71.0694,282.74,84,1,3.39,AR,1697684879
534,ghat,24.9647,10.1728,299.1,21,17,3.91,LY,1697684879
535,imst,47.2684,10.6698,277.18,87,100,2.61,AT,1697684880
536,san andres,12.5847,-81.7006,302.16,84,40,3.6,CO,1697684790
537,mejit,10.2753,170.8646,301.22,73,99,8.09,MH,1697684881
538,zhanaozen,43.3,52.8,285.57,54,100,6.9,KZ,1697684881
539,cradock,-32.1642,25.6192,285.45,86,1,1.45,ZA,1697684882
540,lepsy,46.235,78.9456,286.16,45,0,1.16,KZ,1697684882
541,alamos,27.0167,-108.9333,300.19,57,12,1.28,MX,1697684883
542,gobabis,-22.45,18.9667,290.64,30,0,4.66,NA,1697684883
543,campbell river,50.0163,-125.2446,285.15,100,100,1.03,CA,1697684443
544,chonchi,-42.6128,-73.8092,282.1,98,71,1.25,CL,1697684884
545,bantogon,6.5333,124.0333,300.95,75,46,1.69,PH,1697684885
546,palmital,-22.7889,-50.2175,291.61,79,98,6.04,BR,1697684885
547,chateaubriant,47.7167,-1.3833,289.64,96,100,4.91,FR,1697684886
548,weno,7.4515,151.8468,303.12,74,75,3.09,FM,1697684887
549,howrah,22.5892,88.3103,301.15,74,0,4.12,IN,1697684888
550,ketchikan,55.3422,-131.6461,285.41,94,100,7.2,US,1697684888
551,tarko-sale,64.9225,77.785,280.37,87,100,7.15,RU,1697684889
552,saudarkrokur,65.7461,-19.6394,277.19,82,48,3.77,IS,1697684890
553,lautoka,-17.6167,177.4667,302.07,51,75,3.6,FJ,1697684891
554,watseka,40.7762,-87.7364,289.8,58,99,6.5,US,1697684891
555,tofol,5.3248,163.0078,301.47,75,100,5.42,FM,1697684892
556,sao jose da coroa grande,-8.8978,-35.1478,297.19,81,52,3.42,BR,1697684892
557,jiangzi,28.95,89.6333,273.3,42,4,1.86,CN,1697684893
558,pitimbu,-7.4706,-34.8086,298.48,77,28,4.16,BR,1697684893
559,shakawe,-18.3667,21.85,293.84,35,3,3.95,BW,1697684893
560,magadan,59.5667,150.8,274.56,75,29,4.92,RU,1697684660
561,kasongo-lunda,-6.4667,16.8167,294.66,98,100,0.93,CD,1697684894
562,northam,51.0333,-4.2167,290.74,98,70,7.23,GB,1697684894
563,mount airy,36.4993,-80.6073,285.6,74,100,0.0,US,1697684895
564,porto novo,6.4965,2.6036,298.34,88,89,2.37,BJ,1697684895
565,chabahar,25.2919,60.643,301.16,69,95,1.88,IR,1697684896
566,yeppoon,-23.1333,150.7333,300.03,55,81,5.82,AU,1697684896
567,smirnovo,54.5125,69.4222,273.16,64,35,5.57,KZ,1697684896
